"CBSA Code","CBSA Name","CBSA Type","Estimated Pop","Rank"
"10100","Aberdeen, SD","Micro","43097","674"
"10140","Aberdeen, WA","Micro","72697","477"
"10180","Abilene, TX","Metro","170219","255"
"10220","Ada, OK","Micro","38224","725"
"10300","Adrian, MI","Micro","98623","397"
"10380","Aguadilla-Isabela, PR","Metro","302615","166"
"10420","Akron, OH","Metro","703505","82"
"10460","Alamogordo, NM","Micro","65817","503"
"10500","Albany, GA","Metro","148234","293"
"10540","Albany-Lebanon, OR","Metro","125047","336"
"10580","Albany-Schenectady-Troy, NY","Metro","886188","64"
"10620","Albemarle, NC","Micro","61482","523"
"10660","Albert Lea, MN","Micro","30535","815"
"10700","Albertville, AL","Micro","95548","408"
"10740","Albuquerque, NM","Metro","910726","61"
"10760","Alexander City, AL","Micro","51435","595"
"10780","Alexandria, LA","Metro","153984","278"
"10820","Alexandria, MN","Micro","37575","732"
"10860","Alice, TX","Micro","52144","586"
"10900","Allentown-Bethlehem-Easton, PA-NJ","Metro","840550","71"
"10940","Alma, MI","Micro","41018","690"
"10980","Alpena, MI","Micro","28462","833"
"11020","Altoona, PA","Metro","123457","341"
"11060","Altus, OK","Micro","25125","866"
"11100","Amarillo, TX","Metro","264925","186"
"11140","Americus, GA","Micro","35060","766"
"11180","Ames, IA","Metro","123986","340"
"11220","Amsterdam, NY","Micro","49258","608"
"11260","Anchorage, AK","Metro","400888","138"
"11380","Andrews, TX","Micro","17722","920"
"11420","Angola, IN","Micro","34484","772"
"11460","Ann Arbor, MI","Metro","367627","148"
"11500","Anniston-Oxford, AL","Metro","114728","358"
"11540","Appleton, WI","Metro","236126","197"
"11580","Arcadia, FL","Micro","36862","742"
"11620","Ardmore, OK","Micro","58224","545"
"11640","Arecibo, PR","Metro","181643","239"
"11660","Arkadelphia, AR","Micro","22293","888"
"11700","Asheville, NC","Metro","456145","119"
"11740","Ashland, OH","Micro","53628","578"
"11780","Ashtabula, OH","Micro","97807","399"
"11820","Astoria, OR","Micro","39182","708"
"11860","Atchison, KS","Micro","16332","928"
"11900","Athens, OH","Micro","66597","497"
"11940","Athens, TN","Micro","52877","583"
"11980","Athens, TX","Micro","81064","444"
"12020","Athens-Clarke County, GA","Metro","209271","218"
"12060","Atlanta-Sandy Springs-Alpharetta, GA","Metro","5884736","9"
"12100","Atlantic City-Hammonton, NJ","Metro","269918","182"
"12120","Atmore, AL","Micro","37447","736"
"12140","Auburn, IN","Micro","42836","676"
"12180","Auburn, NY","Micro","77603","456"
"12220","Auburn-Opelika, AL","Metro","161604","270"
"12260","Augusta-Richmond County, GA-SC","Metro","600151","96"
"12300","Augusta-Waterville, ME","Micro","121821","344"
"12380","Austin, MN","Micro","39566","701"
"12420","Austin-Round Rock-Georgetown, TX","Metro","2115827","31"
"12460","Bainbridge, GA","Micro","26716","849"
"12540","Bakersfield, CA","Metro","893119","63"
"12580","Baltimore-Columbia-Towson, MD","Metro","2808175","20"
"12620","Bangor, ME","Metro","151957","280"
"12660","Baraboo, WI","Micro","63981","512"
"12680","Bardstown, KY","Micro","45640","646"
"12700","Barnstable Town, MA","Metro","213444","214"
"12740","Barre, VT","Micro","58290","543"
"12780","Bartlesville, OK","Micro","51932","589"
"12860","Batavia, NY","Micro","57956","547"
"12900","Batesville, AR","Micro","54897","566"
"12940","Baton Rouge, LA","Metro","856685","67"
"12980","Battle Creek, MI","Metro","134128","319"
"13020","Bay City, MI","Metro","104239","376"
"13060","Bay City, TX","Micro","36840","743"
"13100","Beatrice, NE","Micro","21601","897"
"13140","Beaumont-Port Arthur, TX","Metro","398485","140"
"13180","Beaver Dam, WI","Micro","87786","423"
"13220","Beckley, WV","Metro","118543","348"
"13260","Bedford, IN","Micro","45666","645"
"13300","Beeville, TX","Micro","32563","794"
"13340","Bellefontaine, OH","Micro","45325","650"
"13380","Bellingham, WA","Metro","221404","206"
"13420","Bemidji, MN","Micro","46513","631"
"13460","Bend, OR","Metro","186875","233"
"13500","Bennettsville, SC","Micro","26825","846"
"13540","Bennington, VT","Micro","35594","759"
"13620","Berlin, NH","Micro","31634","805"
"13660","Big Rapids, MI","Micro","43391","672"
"13700","Big Spring, TX","Micro","36040","754"
"13720","Big Stone Gap, VA","Micro","42522","679"
"13740","Billings, MT","Metro","179095","243"
"13780","Binghamton, NY","Metro","242217","195"
"13820","Birmingham-Hoover, AL","Metro","1085749","51"
"13900","Bismarck, ND","Metro","127766","327"
"13940","Blackfoot, ID","Micro","45927","640"
"13980","Blacksburg-Christiansburg, VA","Metro","167238","261"
"14010","Bloomington, IL","Metro","172290","251"
"14020","Bloomington, IN","Metro","167825","259"
"14100","Bloomsburg-Berwick, PA","Metro","84204","434"
"14140","Bluefield, WV-VA","Micro","107198","371"
"14180","Blytheville, AR","Micro","42159","680"
"14220","Bogalusa, LA","Micro","46633","629"
"14260","Boise City, ID","Metro","709845","81"
"14300","Bonham, TX","Micro","34446","773"
"14380","Boone, NC","Micro","55121","564"
"14420","Borger, TX","Micro","21375","899"
"14460","Boston-Cambridge-Newton, MA-NH","Metro","4836531","10"
"14500","Boulder, CO","Metro","322514","156"
"14540","Bowling Green, KY","Metro","174835","248"
"14580","Bozeman, MT","Micro","107810","369"
"14620","Bradford, PA","Micro","41330","688"
"14660","Brainerd, MN","Micro","93779","410"
"14700","Branson, MO","Micro","55355","560"
"14720","Breckenridge, CO","Micro","30585","814"
"14740","Bremerton-Silverdale-Port Orchard, WA","Metro","266414","185"
"14780","Brenham, TX","Micro","35043","768"
"14820","Brevard, NC","Micro","33956","781"
"14860","Bridgeport-Stamford-Norwalk, CT","Metro","949921","58"
"15020","Brookhaven, MS","Micro","34347","776"
"15060","Brookings, OR","Micro","22669","884"
"15100","Brookings, SD","Micro","34255","777"
"15140","Brownsville, TN","Micro","17573","921"
"15180","Brownsville-Harlingen, TX","Metro","423725","129"
"15220","Brownwood, TX","Micro","38053","728"
"15260","Brunswick, GA","Metro","118119","352"
"15340","Bucyrus-Galion, OH","Micro","41746","685"
"15380","Buffalo-Cheektowaga, NY","Metro","1136856","50"
"15420","Burley, ID","Micro","44393","663"
"15460","Burlington, IA-IL","Micro","46212","638"
"15500","Burlington, NC","Metro","162391","268"
"15540","Burlington-South Burlington, VT","Metro","218395","207"
"15580","Butte-Silver Bow, MT","Micro","34602","770"
"15620","Cadillac, MI","Micro","48274","618"
"15660","Calhoun, GA","Micro","57089","551"
"15680","California-Lexington Park, MD","Metro","112667","361"
"15700","Cambridge, MD","Micro","32162","800"
"15740","Cambridge, OH","Micro","39093","710"
"15780","Camden, AR","Micro","29115","825"
"15820","Campbellsville, KY","Micro","36537","748"
"15860","Cañon City, CO","Micro","47559","623"
"15940","Canton-Massillon, OH","Metro","399927","139"
"15980","Cape Coral-Fort Myers, FL","Metro","739224","78"
"16020","Cape Girardeau, MO-IL","Metro","96782","406"
"16060","Carbondale-Marion, IL","Metro","138512","311"
"16100","Carlsbad-Artesia, NM","Micro","56997","552"
"16140","Carroll, IA","Micro","20320","905"
"16180","Carson City, NV","Metro","54745","568"
"16220","Casper, WY","Metro","79547","450"
"16260","Cedar City, UT","Micro","51001","599"
"16300","Cedar Rapids, IA","Metro","270293","181"
"16340","Cedartown, GA","Micro","42085","681"
"16380","Celina, OH","Micro","40873","691"
"16420","Central City, KY","Micro","30816","813"
"16460","Centralia, IL","Micro","37902","730"
"16500","Centralia, WA","Micro","78200","454"
"16540","Chambersburg-Waynesboro, PA","Metro","154234","277"
"16580","Champaign-Urbana, IL","Metro","225844","205"
"16620","Charleston, WV","Metro","264207","187"
"16660","Charleston-Mattoon, IL","Micro","62887","519"
"16700","Charleston-North Charleston, SC","Metro","775831","75"
"16740","Charlotte-Concord-Gastonia, NC-SC","Metro","2550296","22"
"16820","Charlottesville, VA","Metro","216728","210"
"16860","Chattanooga, TN-GA","Metro","556548","100"
"16940","Cheyenne, WY","Metro","98327","398"
"16980","Chicago-Naperville-Elgin, IL-IN-WI","Metro","9533040","3"
"17020","Chico, CA","Metro","229294","199"
"17060","Chillicothe, OH","Micro","77313","458"
"17140","Cincinnati, OH-KY-IN","Metro","2201701","29"
"17220","Clarksburg, WV","Micro","93301","412"
"17260","Clarksdale, MS","Micro","23154","877"
"17300","Clarksville, TN-KY","Metro","298397","167"
"17340","Clearlake, CA","Micro","64246","510"
"17380","Cleveland, MS","Micro","31945","803"
"17420","Cleveland, TN","Metro","122317","342"
"17460","Cleveland-Elyria, OH","Metro","2058844","34"
"17500","Clewiston, FL","Micro","40347","695"
"17540","Clinton, IA","Micro","47010","626"
"17580","Clovis, NM","Micro","49812","606"
"17620","Coamo, PR","Micro","39071","711"
"17640","Coco, PR","Micro","28216","835"
"17660","Coeur d'Alene, ID","Metro","157637","272"
"17700","Coffeyville, KS","Micro","32556","795"
"17740","Coldwater, MI","Micro","43410","670"
"17780","College Station-Bryan, TX","Metro","258044","191"
"17820","Colorado Springs, CO","Metro","723878","80"
"17860","Columbia, MO","Metro","206054","222"
"17900","Columbia, SC","Metro","825033","72"
"17980","Columbus, GA-AL","Metro","316045","160"
"18020","Columbus, IN","Metro","82040","440"
"18060","Columbus, MS","Micro","59186","537"
"18100","Columbus, NE","Micro","33175","786"
"18140","Columbus, OH","Metro","2078725","33"
"18180","Concord, NH","Micro","149216","289"
"18220","Connersville, IN","Micro","23209","876"
"18260","Cookeville, TN","Micro","111363","362"
"18300","Coos Bay, OR","Micro","63888","514"
"18380","Cordele, GA","Micro","22736","882"
"18420","Corinth, MS","Micro","37210","737"
"18460","Cornelia, GA","Micro","44567","661"
"18500","Corning, NY","Micro","96281","407"
"18580","Corpus Christi, TX","Metro","428436","127"
"18620","Corsicana, TX","Micro","48701","615"
"18660","Cortland, NY","Micro","47786","621"
"18700","Corvallis, OR","Metro","90951","418"
"18740","Coshocton, OH","Micro","36544","747"
"18780","Craig, CO","Micro","13131","936"
"18820","Crawfordsville, IN","Micro","38525","720"
"18860","Crescent City, CA","Micro","27470","841"
"18880","Crestview-Fort Walton Beach-Destin, FL","Metro","271346","180"
"18900","Crossville, TN","Micro","59078","539"
"18980","Cullman, AL","Micro","82755","438"
"19000","Cullowhee, NC","Micro","57267","549"
"19060","Cumberland, MD-WV","Metro","98837","395"
"19100","Dallas-Fort Worth-Arlington, TX","Metro","7332544","4"
"19140","Dalton, GA","Metro","144440","301"
"19180","Danville, IL","Metro","77909","455"
"19220","Danville, KY","Micro","54380","570"
"19260","Danville, VA","Micro","102388","386"
"19300","Daphne-Fairhope-Foley, AL","Metro","212628","215"
"19340","Davenport-Moline-Rock Island, IA-IL","Metro","382263","143"
"19420","Dayton, TN","Micro","32691","793"
"19430","Dayton-Kettering, OH","Metro","803416","74"
"19460","Decatur, AL","Metro","151867","281"
"19500","Decatur, IL","Metro","105801","373"
"19540","Decatur, IN","Micro","35491","761"
"19580","Defiance, OH","Micro","38156","727"
"19620","Del Rio, TX","Micro","49205","610"
"19660","Deltona-Daytona Beach-Ormond Beach, FL","Metro","649202","91"
"19700","Deming, NM","Micro","24078","871"
"19740","Denver-Aurora-Lakewood, CO","Metro","2888227","19"
"19760","DeRidder, LA","Micro","36928","740"
"19780","Des Moines-West Des Moines, IA","Metro","682877","85"
"19820","Detroit-Warren-Dearborn, MI","Metro","4313002","14"
"19860","Dickinson, ND","Micro","31149","811"
"19940","Dixon, IL","Micro","34406","774"
"19980","Dodge City, KS","Micro","34381","775"
"20020","Dothan, AL","Metro","147914","295"
"20060","Douglas, GA","Micro","51356","596"
"20100","Dover, DE","Metro","176824","247"
"20140","Dublin, GA","Micro","63858","515"
"20180","DuBois, PA","Micro","79685","448"
"20220","Dubuque, IA","Metro","97041","404"
"20260","Duluth, MN-WI","Metro","289306","170"
"20300","Dumas, TX","Micro","22097","891"
"20340","Duncan, OK","Micro","43332","673"
"20420","Durango, CO","Micro","55589","559"
"20460","Durant, OK","Micro","46319","634"
"20500","Durham-Chapel Hill, NC","Metro","626985","94"
"20540","Dyersburg, TN","Micro","37463","735"
"20580","Eagle Pass, TX","Micro","58216","546"
"20660","Easton, MD","Micro","37103","739"
"20700","East Stroudsburg, PA","Metro","168046","257"
"20740","Eau Claire, WI","Metro","167484","260"
"20780","Edwards, CO","Micro","54772","567"
"20820","Effingham, IL","Micro","34132","779"
"20900","El Campo, TX","Micro","41968","684"
"20940","El Centro, CA","Metro","182830","236"
"20980","El Dorado, AR","Micro","39449","703"
"21020","Elizabeth City, NC","Micro","53217","581"
"21060","Elizabethtown-Fort Knox, KY","Metro","150430","285"
"21120","Elk City, OK","Micro","21793","895"
"21140","Elkhart-Goshen, IN","Metro","205032","224"
"21180","Elkins, WV","Micro","28785","828"
"21220","Elko, NV","Micro","54610","569"
"21260","Ellensburg, WA","Micro","46205","639"
"21300","Elmira, NY","Metro","85557","429"
"21340","El Paso, TX","Metro","844818","70"
"21380","Emporia, KS","Micro","36075","753"
"21420","Enid, OK","Metro","61581","522"
"21460","Enterprise, AL","Micro","51874","591"
"21500","Erie, PA","Metro","274541","178"
"21540","Escanaba, MI","Micro","35965","756"
"21580","Española, NM","Micro","39159","709"
"21640","Eufaula, AL-GA","Micro","27628","838"
"21660","Eugene-Springfield, OR","Metro","374748","144"
"21700","Eureka-Arcata, CA","Micro","136754","316"
"21740","Evanston, WY","Micro","20495","904"
"21780","Evansville, IN-KY","Metro","315669","161"
"21820","Fairbanks, AK","Metro","99703","393"
"21840","Fairfield, IA","Micro","18422","919"
"21860","Fairmont, MN","Micro","19850","910"
"21900","Fairmont, WV","Micro","56337","555"
"21980","Fallon, NV","Micro","24230","870"
"22020","Fargo, ND-MN","Metro","241356","196"
"22060","Faribault-Northfield, MN","Micro","65968","502"
"22100","Farmington, MO","Micro","66705","496"
"22140","Farmington, NM","Metro","126926","330"
"22180","Fayetteville, NC","Metro","519416","108"
"22220","Fayetteville-Springdale-Rogers, AR","Metro","514635","109"
"22260","Fergus Falls, MN","Micro","58345","542"
"22280","Fernley, NV","Micro","54122","573"
"22300","Findlay, OH","Micro","75754","469"
"22340","Fitzgerald, GA","Micro","16996","926"
"22380","Flagstaff, AZ","Metro","140776","308"
"22420","Flint, MI","Metro","407385","134"
"22500","Florence, SC","Metro","205831","223"
"22520","Florence-Muscle Shoals, AL","Metro","147038","296"
"22540","Fond du Lac, WI","Metro","102548","384"
"22580","Forest City, NC","Micro","66551","498"
"22620","Forrest City, AR","Micro","25930","856"
"22660","Fort Collins, CO","Metro","343976","152"
"22700","Fort Dodge, IA","Micro","36605","745"
"22780","Fort Leonard Wood, MO","Micro","52059","587"
"22800","Fort Madison-Keokuk, IA-IL-MO","Micro","59038","540"
"22820","Fort Morgan, CO","Micro","28192","836"
"22840","Fort Payne, AL","Micro","71617","483"
"22860","Fort Polk South, LA","Micro","50726","603"
"22900","Fort Smith, AR-OK","Metro","250245","193"
"23060","Fort Wayne, IN","Metro","406633","135"
"23140","Frankfort, IN","Micro","32317","798"
"23180","Frankfort, KY","Micro","73029","476"
"23240","Fredericksburg, TX","Micro","26646","850"
"23300","Freeport, IL","Micro","45054","654"
"23340","Fremont, NE","Micro","36707","744"
"23380","Fremont, OH","Micro","59195","536"
"23420","Fresno, CA","Metro","989255","56"
"23460","Gadsden, AL","Metro","102755","383"
"23500","Gaffney, SC","Micro","57105","550"
"23540","Gainesville, FL","Metro","325042","155"
"23580","Gainesville, GA","Metro","199335","228"
"23620","Gainesville, TX","Micro","39895","698"
"23660","Galesburg, IL","Micro","50638","604"
"23700","Gallup, NM","Micro","72564","478"
"23780","Garden City, KS","Micro","41044","689"
"23820","Gardnerville Ranchos, NV","Micro","48309","617"
"23860","Georgetown, SC","Micro","61607","521"
"23900","Gettysburg, PA","Metro","102336","387"
"23940","Gillette, WY","Micro","60579","530"
"23980","Glasgow, KY","Micro","53908","574"
"24020","Glens Falls, NY","Metro","126152","332"
"24060","Glenwood Springs, CO","Micro","77008","462"
"24100","Gloversville, NY","Micro","53877","576"
"24140","Goldsboro, NC","Metro","124172","339"
"24180","Granbury, TX","Micro","58273","544"
"24220","Grand Forks, ND-MN","Metro","102414","385"
"24260","Grand Island, NE","Metro","75838","468"
"24300","Grand Junction, CO","Metro","151616","282"
"24330","Grand Rapids, MN","Micro","45137","653"
"24340","Grand Rapids-Kentwood, MI","Metro","1062818","53"
"24380","Grants, NM","Micro","26853","845"
"24420","Grants Pass, OR","Metro","86352","426"
"24460","Great Bend, KS","Micro","26476","851"
"24500","Great Falls, MT","Metro","81654","442"
"24540","Greeley, CO","Metro","304633","165"
"24580","Green Bay, WI","Metro","320050","158"
"24620","Greeneville, TN","Micro","68808","491"
"24660","Greensboro-High Point, NC","Metro","761184","76"
"24700","Greensburg, IN","Micro","26737","848"
"24740","Greenville, MS","Micro","46221","636"
"24780","Greenville, NC","Metro","179042","244"
"24820","Greenville, OH","Micro","51536","594"
"24860","Greenville-Anderson, SC","Metro","895923","62"
"24900","Greenwood, MS","Micro","39362","705"
"24940","Greenwood, SC","Micro","70355","487"
"24980","Grenada, MS","Micro","21087","901"
"25020","Guayama, PR","Metro","76166","464"
"25060","Gulfport-Biloxi, MS","Metro","412344","131"
"25100","Guymon, OK","Micro","20900","902"
"25180","Hagerstown-Martinsburg, MD-WV","Metro","283184","174"
"25200","Hailey, ID","Micro","23126","879"
"25220","Hammond, LA","Metro","132497","322"
"25260","Hanford-Corcoran, CA","Metro","150101","287"
"25300","Hannibal, MO","Micro","38858","716"
"25420","Harrisburg-Carlisle, PA","Metro","571903","99"
"25460","Harrison, AR","Micro","45209","651"
"25500","Harrisonburg, VA","Metro","134442","318"
"25540","Hartford-East Hartford-Middletown, CT","Metro","1210259","48"
"25580","Hastings, NE","Micro","31678","804"
"25620","Hattiesburg, MS","Metro","167956","258"
"25700","Hays, KS","Micro","28689","831"
"25720","Heber, UT","Micro","73212","474"
"25740","Helena, MT","Micro","79664","449"
"25760","Helena-West Helena, AR","Micro","18572","918"
"25780","Henderson, NC","Micro","44211","664"
"25820","Hereford, TX","Micro","18836","916"
"25840","Hermiston-Pendleton, OR","Micro","88151","420"
"25860","Hickory-Lenoir-Morganton, NC","Metro","366534","149"
"25880","Hillsdale, MI","Micro","45879","641"
"25900","Hilo, HI","Micro","200381","227"
"25940","Hilton Head Island-Bluffton, SC","Metro","215302","213"
"25980","Hinesville, GA","Metro","80400","446"
"26020","Hobbs, NM","Micro","68759","492"
"26090","Holland, MI","Micro","116447","354"
"26140","Homosassa Springs, FL","Metro","145647","298"
"26220","Hood River, OR","Micro","23377","874"
"26260","Hope, AR","Micro","30188","819"
"26300","Hot Springs, AR","Metro","98658","396"
"26340","Houghton, MI","Micro","38410","722"
"26380","Houma-Thibodaux, LA","Metro","210512","216"
"26420","Houston-The Woodlands-Sugar Land, TX","Metro","6892427","5"
"26460","Hudson, NY","Micro","60604","528"
"26500","Huntingdon, PA","Micro","45491","649"
"26540","Huntington, IN","Micro","36337","751"
"26580","Huntington-Ashland, WV-KY-OH","Metro","362793","150"
"26620","Huntsville, AL","Metro","455448","120"
"26660","Huntsville, TX","Micro","72245","479"
"26700","Huron, SD","Micro","20185","907"
"26740","Hutchinson, KS","Micro","62510","520"
"26780","Hutchinson, MN","Micro","35884","757"
"26820","Idaho Falls, ID","Metro","145643","299"
"26860","Indiana, PA","Micro","84953","431"
"26900","Indianapolis-Carmel-Anderson, IN","Metro","2028614","35"
"26940","Indianola, MS","Micro","25981","855"
"26980","Iowa City, IA","Metro","171491","252"
"27020","Iron Mountain, MI-WI","Micro","29786","823"
"27060","Ithaca, NY","Metro","104802","375"
"27100","Jackson, MI","Metro","158640","271"
"27140","Jackson, MS","Metro","596454","97"
"27160","Jackson, OH","Micro","32449","797"
"27180","Jackson, TN","Metro","178346","246"
"27220","Jackson, WY-ID","Micro","34646","769"
"27260","Jacksonville, FL","Metro","1504980","41"
"27300","Jacksonville, IL","Micro","38800","718"
"27340","Jacksonville, NC","Metro","193893","231"
"27380","Jacksonville, TX","Micro","52240","584"
"27420","Jamestown, ND","Micro","21087","900"
"27460","Jamestown-Dunkirk-Fredonia, NY","Micro","129046","326"
"27500","Janesville-Beloit, WI","Metro","162309","269"
"27530","Jasper, AL","Micro","64058","511"
"27540","Jasper, IN","Micro","54923","565"
"27580","Jayuya, PR","Micro","14625","932"
"27600","Jefferson, GA","Micro","67519","494"
"27620","Jefferson City, MO","Metro","151465","283"
"27660","Jennings, LA","Micro","31477","807"
"27700","Jesup, GA","Micro","29817","822"
"27740","Johnson City, TN","Metro","202053","226"
"27780","Johnstown, PA","Metro","133054","320"
"27860","Jonesboro, AR","Metro","131269","324"
"27900","Joplin, MO","Metro","178507","245"
"27940","Juneau, AK","Micro","32094","801"
"27980","Kahului-Wailuku-Lahaina, HI","Metro","166260","263"
"28020","Kalamazoo-Portage, MI","Metro","262985","188"
"28060","Kalispell, MT","Micro","100000","390"
"28100","Kankakee, IL","Metro","109605","365"
"28140","Kansas City, MO-KS","Metro","2128912","30"
"28180","Kapaa, HI","Micro","72159","482"
"28260","Kearney, NE","Micro","56262","556"
"28300","Keene, NH","Micro","75960","466"
"28340","Kendallville, IN","Micro","47452","624"
"28380","Kennett, MO","Micro","30119","820"
"28420","Kennewick-Richland, WA","Metro","290296","169"
"28500","Kerrville, TX","Micro","51720","593"
"28540","Ketchikan, AK","Micro","13856","935"
"28580","Key West, FL","Micro","77013","461"
"28620","Kill Devil Hills, NC","Micro","36099","752"
"28660","Killeen-Temple, TX","Metro","443773","124"
"28700","Kingsport-Bristol, TN-VA","Metro","306659","164"
"28740","Kingston, NY","Metro","179417","242"
"28780","Kingsville, TX","Micro","31505","806"
"28820","Kinston, NC","Micro","56883","553"
"28860","Kirksville, MO","Micro","29885","821"
"28900","Klamath Falls, OR","Micro","66935","495"
"28940","Knoxville, TN","Metro","853960","69"
"29020","Kokomo, IN","Metro","82363","439"
"29060","Laconia, NH","Micro","60785","527"
"29100","La Crosse-Onalaska, WI-MN","Metro","136934","315"
"29180","Lafayette, LA","Metro","491558","112"
"29200","Lafayette-West Lafayette, IN","Metro","227440","204"
"29260","La Grande, OR","Micro","26222","853"
"29300","LaGrange, GA-AL","Micro","103499","377"
"29340","Lake Charles, LA","Metro","209357","217"
"29380","Lake City, FL","Micro","69612","488"
"29420","Lake Havasu City-Kingman, AZ","Metro","207200","221"
"29460","Lakeland-Winter Haven, FL","Metro","686483","84"
"29500","Lamesa, TX","Micro","12813","937"
"29540","Lancaster, PA","Metro","542903","105"
"29620","Lansing-East Lansing, MI","Metro","546102","104"
"29660","Laramie, WY","Micro","38332","723"
"29700","Laredo, TX","Metro","274794","177"
"29740","Las Cruces, NM","Metro","215579","212"
"29780","Las Vegas, NM","Micro","32299","799"
"29820","Las Vegas-Henderson-Paradise, NV","Metro","2204079","28"
"29860","Laurel, MS","Micro","84512","433"
"29900","Laurinburg, NC","Micro","35093","765"
"29940","Lawrence, KS","Metro","120793","346"
"29980","Lawrenceburg, TN","Micro","43396","671"
"30020","Lawton, OK","Metro","127349","328"
"30060","Lebanon, MO","Micro","35443","762"
"30100","Lebanon, NH-VT","Micro","216537","211"
"30140","Lebanon, PA","Metro","139754","309"
"30220","Levelland, TX","Micro","23088","881"
"30260","Lewisburg, PA","Micro","44595","660"
"30280","Lewisburg, TN","Micro","32931","790"
"30300","Lewiston, ID-WA","Metro","62920","518"
"30340","Lewiston-Auburn, ME","Metro","107651","370"
"30380","Lewistown, PA","Micro","46388","633"
"30420","Lexington, NE","Micro","25737","859"
"30460","Lexington-Fayette, KY","Metro","512650","110"
"30580","Liberal, KS","Micro","22159","890"
"30620","Lima, OH","Metro","103198","378"
"30660","Lincoln, IL","Micro","29245","824"
"30700","Lincoln, NE","Metro","331519","154"
"30780","Little Rock-North Little Rock-Conway, AR","Metro","738344","79"
"30820","Lock Haven, PA","Micro","38998","714"
"30860","Logan, UT-ID","Metro","138002","313"
"30900","Logansport, IN","Micro","37994","729"
"30940","London, KY","Micro","147981","294"
"30980","Longview, TX","Metro","284142","172"
"31020","Longview, WA","Metro","106910","372"
"31060","Los Alamos, NM","Micro","18738","917"
"31080","Los Angeles-Long Beach-Anaheim, CA","Metro","13353907","2"
"31140","Louisville/Jefferson County, KY-IN","Metro","1261522","47"
"31180","Lubbock, TX","Metro","316983","159"
"31220","Ludington, MI","Micro","29073","826"
"31260","Lufkin, TX","Micro","87805","422"
"31300","Lumberton, NC","Micro","132606","321"
"31340","Lynchburg, VA","Metro","261254","189"
"31380","Macomb, IL","Micro","30823","812"
"31420","Macon-Bibb County, GA","Metro","228914","200"
"31460","Madera, CA","Metro","156890","274"
"31500","Madison, IN","Micro","32089","802"
"31540","Madison, WI","Metro","654230","90"
"31580","Madisonville, KY","Micro","45547","648"
"31620","Magnolia, AR","Micro","23627","873"
"31660","Malone, NY","Micro","51116","597"
"31680","Malvern, AR","Micro","33574","782"
"31700","Manchester-Nashua, NH","Metro","409697","132"
"31740","Manhattan, KS","Metro","131935","323"
"31820","Manitowoc, WI","Micro","79175","452"
"31860","Mankato, MN","Metro","100939","389"
"31900","Mansfield, OH","Metro","120589","347"
"31930","Marietta, OH","Micro","60418","533"
"31940","Marinette, WI-MI","Micro","63356","517"
"31980","Marion, IN","Micro","66491","500"
"32000","Marion, NC","Micro","45159","652"
"32020","Marion, OH","Micro","64967","505"
"32100","Marquette, MI","Micro","66502","499"
"32140","Marshall, MN","Micro","25831","858"
"32180","Marshall, MO","Micro","22660","886"
"32260","Marshalltown, IA","Micro","40288","696"
"32280","Martin, TN","Micro","33337","784"
"32300","Martinsville, VA","Micro","64369","509"
"32340","Maryville, MO","Micro","22472","887"
"32380","Mason City, IA","Micro","50475","605"
"32420","Mayagüez, PR","Metro","99959","391"
"32460","Mayfield, KY","Micro","37121","738"
"32500","Maysville, KY","Micro","17174","924"
"32540","McAlester, OK","Micro","44184","666"
"32580","McAllen-Edinburg-Mission, TX","Metro","860661","65"
"32620","McComb, MS","Micro","39468","702"
"32660","McMinnville, TN","Micro","40651","693"
"32700","McPherson, KS","Micro","28708","830"
"32740","Meadville, PA","Micro","86159","427"
"32780","Medford, OR","Metro","217479","209"
"32820","Memphis, TN-MS-AR","Metro","1339948","43"
"32860","Menomonie, WI","Micro","44693","659"
"32900","Merced, CA","Metro","272673","179"
"32940","Meridian, MS","Micro","101866","388"
"33020","Mexico, MO","Micro","25641","861"
"33060","Miami, OK","Micro","31312","809"
"33100","Miami-Fort Lauderdale-Pompano Beach, FL","Metro","6158824","7"
"33140","Michigan City-La Porte, IN","Metro","110029","363"
"33180","Middlesborough, KY","Micro","26894","844"
"33220","Midland, MI","Metro","83411","436"
"33260","Midland, TX","Metro","170675","253"
"33300","Milledgeville, GA","Micro","53467","580"
"33340","Milwaukee-Waukesha, WI","Metro","1576236","40"
"33380","Minden, LA","Micro","39378","704"
"33420","Mineral Wells, TX","Micro","28570","832"
"33460","Minneapolis-St. Paul-Bloomington, MN-WI","Metro","3585749","16"
"33500","Minot, ND","Micro","77309","459"
"33540","Missoula, MT","Metro","117441","353"
"33580","Mitchell, SD","Micro","23127","878"
"33620","Moberly, MO","Micro","24945","867"
"33660","Mobile, AL","Metro","430486","126"
"33700","Modesto, CA","Metro","547899","103"
"33740","Monroe, LA","Metro","204086","225"
"33780","Monroe, MI","Metro","149649","288"
"33860","Montgomery, AL","Metro","373903","146"
"33940","Montrose, CO","Micro","46578","630"
"33980","Morehead City, NC","Micro","68881","490"
"34020","Morgan City, LA","Micro","50973","600"
"34060","Morgantown, WV","Metro","138709","310"
"34100","Morristown, TN","Metro","141225","305"
"34140","Moscow, ID","Micro","39333","706"
"34180","Moses Lake, WA","Micro","95158","409"
"34220","Moultrie, GA","Micro","45835","642"
"34260","Mountain Home, AR","Micro","41355","687"
"34300","Mountain Home, ID","Micro","26823","847"
"34340","Mount Airy, NC","Micro","72224","481"
"34350","Mount Gay-Shamrock, WV","Micro","32925","791"
"34380","Mount Pleasant, MI","Micro","71063","485"
"34420","Mount Pleasant, TX","Micro","45759","644"
"34460","Mount Sterling, KY","Micro","46761","628"
"34500","Mount Vernon, IL","Micro","38179","726"
"34540","Mount Vernon, OH","Micro","61261","524"
"34580","Mount Vernon-Anacortes, WA","Metro","125619","334"
"34620","Muncie, IN","Metro","115184","357"
"34660","Murray, KY","Micro","38919","715"
"34700","Muscatine, IA","Micro","42880","675"
"34740","Muskegon, MI","Metro","173693","249"
"34780","Muskogee, OK","Micro","69086","489"
"34820","Myrtle Beach-Conway-North Myrtle Beach, SC-NC","Metro","464165","117"
"34860","Nacogdoches, TX","Micro","65580","504"
"34900","Napa, CA","Metro","140973","306"
"34940","Naples-Marco Island, FL","Metro","372880","147"
"34980","Nashville-Davidson--Murfreesboro--Franklin, TN","Metro","1878181","37"
"35020","Natchez, MS-LA","Micro","50869","602"
"35060","Natchitoches, LA","Micro","39021","713"
"35100","New Bern, NC","Metro","124864","337"
"35140","Newberry, SC","Micro","38488","721"
"35220","New Castle, IN","Micro","48476","616"
"35260","New Castle, PA","Micro","87069","425"
"35300","New Haven-Milford, CT","Metro","860435","66"
"35380","New Orleans-Metairie, LA","Metro","1275762","45"
"35420","New Philadelphia-Dover, OH","Micro","92297","414"
"35440","Newport, OR","Micro","48920","612"
"35460","Newport, TN","Micro","35556","760"
"35580","New Ulm, MN","Micro","25194","865"
"35620","New York-Newark-Jersey City, NY-NJ-PA","Metro","19643082","1"
"35660","Niles, MI","Metro","154259","276"
"35700","Nogales, AZ","Micro","46212","637"
"35740","Norfolk, NE","Micro","48270","619"
"35820","North Platte, NE","Micro","36547","746"
"35840","North Port-Sarasota-Bradenton, FL","Metro","804690","73"
"35860","North Vernon, IN","Micro","27626","839"
"35900","North Wilkesboro, NC","Micro","68576","493"
"35940","Norwalk, OH","Micro","58494","541"
"35980","Norwich-New London, CT","Metro","269033","183"
"36020","Oak Harbor, WA","Micro","83159","437"
"36100","Ocala, FL","Metro","354353","151"
"36140","Ocean City, NJ","Metro","93553","411"
"36220","Odessa, TX","Metro","157087","273"
"36260","Ogden-Clearfield, UT","Metro","665358","88"
"36300","Ogdensburg-Massena, NY","Micro","109623","364"
"36340","Oil City, PA","Micro","51762","592"
"36380","Okeechobee, FL","Micro","41605","686"
"36420","Oklahoma City, OK","Metro","1383737","42"
"36460","Olean, NY","Micro","77348","457"
"36500","Olympia-Lacey-Tumwater, WA","Metro","280588","175"
"36540","Omaha-Council Bluffs, NE-IA","Metro","933316","60"
"36580","Oneonta, NY","Micro","60094","534"
"36620","Ontario, OR-ID","Micro","53695","577"
"36660","Opelousas, LA","Micro","83497","435"
"36700","Orangeburg, SC","Micro","87476","424"
"36740","Orlando-Kissimmee-Sanford, FL","Metro","2509831","23"
"36780","Oshkosh-Neenah, WI","Metro","170414","254"
"36820","Oskaloosa, IA","Micro","22235","889"
"36830","Othello, WA","Micro","19506","913"
"36837","Ottawa, IL","Micro","149037","290"
"36840","Ottawa, KS","Micro","25733","860"
"36900","Ottumwa, IA","Micro","35044","767"
"36940","Owatonna, MN","Micro","36887","741"
"36980","Owensboro, KY","Metro","118376","350"
"37060","Oxford, MS","Micro","54374","571"
"37100","Oxnard-Thousand Oaks-Ventura, CA","Metro","854223","68"
"37120","Ozark, AL","Micro","49226","609"
"37140","Paducah, KY-IL","Micro","97037","405"
"37220","Pahrump, NV","Micro","44202","665"
"37260","Palatka, FL","Micro","73464","473"
"37300","Palestine, TX","Micro","57741","548"
"37340","Palm Bay-Melbourne-Titusville, FL","Metro","589162","98"
"37420","Pampa, TX","Micro","23342","875"
"37460","Panama City, FL","Metro","183563","235"
"37500","Paragould, AR","Micro","45053","655"
"37540","Paris, TN","Micro","32450","796"
"37580","Paris, TX","Micro","49587","607"
"37620","Parkersburg-Vienna, WV","Metro","90898","419"
"37660","Parsons, KS","Micro","20145","908"
"37740","Payson, AZ","Micro","53501","579"
"37770","Pearsall, TX","Micro","19600","912"
"37780","Pecos, TX","Micro","15415","930"
"37800","Pella, IA","Micro","33105","788"
"37860","Pensacola-Ferry Pass-Brent, FL","Metro","487784","113"
"37900","Peoria, IL","Metro","407537","133"
"37940","Peru, IN","Micro","35845","758"
"37980","Philadelphia-Camden-Wilmington, PA-NJ-DE-MD","Metro","6096120","8"
"38060","Phoenix-Mesa-Chandler, AZ","Metro","4737270","11"
"38100","Picayune, MS","Micro","55270","561"
"38180","Pierre, SD","Micro","20677","903"
"38220","Pine Bluff, AR","Metro","90963","417"
"38240","Pinehurst-Southern Pines, NC","Micro","97264","403"
"38260","Pittsburg, KS","Micro","39034","712"
"38300","Pittsburgh, PA","Metro","2333367","26"
"38340","Pittsfield, MA","Metro","126313","331"
"38380","Plainview, TX","Micro","34134","778"
"38420","Platteville, WI","Micro","51999","588"
"38460","Plattsburgh, NY","Micro","80980","445"
"38500","Plymouth, IN","Micro","46498","632"
"38540","Pocatello, ID","Metro","92869","413"
"38580","Point Pleasant, WV-OH","Micro","56774","554"
"38620","Ponca City, OK","Micro","44544","662"
"38660","Ponce, PR","Metro","227758","202"
"38700","Pontiac, IL","Micro","36518","749"
"38740","Poplar Bluff, MO","Micro","56230","557"
"38780","Portales, NM","Micro","18847","915"
"38820","Port Angeles, WA","Micro","75474","470"
"38860","Portland-South Portland, ME","Metro","532083","107"
"38900","Portland-Vancouver-Hillsboro, OR-WA","Metro","2453168","25"
"38920","Port Lavaca, TX","Micro","21744","896"
"38940","Port St. Lucie, FL","Metro","473429","114"
"39020","Portsmouth, OH","Micro","75929","467"
"39060","Pottsville, PA","Micro","142569","303"
"39100","Poughkeepsie-Newburgh-Middletown, NY","Metro","677794","86"
"39150","Prescott Valley-Prescott, AZ","Metro","228168","201"
"39220","Price, UT","Micro","20295","906"
"39260","Prineville, OR","Micro","23123","880"
"39300","Providence-Warwick, RI-MA","Metro","1621122","39"
"39340","Provo-Orem, UT","Metro","617675","95"
"39380","Pueblo, CO","Metro","166475","262"
"39420","Pullman, WA","Micro","49046","611"
"39460","Punta Gorda, FL","Metro","182033","238"
"39500","Quincy, IL-MO","Micro","76201","463"
"39540","Racine, WI","Metro","196071","230"
"39580","Raleigh-Cary, NC","Metro","1335079","44"
"39660","Rapid City, SD","Metro","138159","312"
"39700","Raymondville, TX","Micro","21584","898"
"39740","Reading, PA","Metro","417854","130"
"39780","Red Bluff, CA","Micro","63926","513"
"39820","Redding, CA","Metro","179921","241"
"39860","Red Wing, MN","Micro","46304","635"
"39900","Reno, NV","Metro","464593","115"
"39940","Rexburg, ID","Micro","52235","585"
"39980","Richmond, IN","Micro","66185","501"
"40060","Richmond, VA","Metro","1270746","46"
"40080","Richmond-Berea, KY","Micro","105503","374"
"40100","Rio Grande City-Roma, TX","Micro","64454","507"
"40140","Riverside-San Bernardino-Ontario, CA","Metro","4580670","13"
"40180","Riverton, WY","Micro","39803","699"
"40220","Roanoke, VA","Metro","314128","162"
"40260","Roanoke Rapids, NC","Micro","71172","484"
"40300","Rochelle, IL","Micro","51063","598"
"40340","Rochester, MN","Metro","218280","208"
"40380","Rochester, NY","Metro","1077948","52"
"40420","Rockford, IL","Metro","338291","153"
"40460","Rockingham, NC","Micro","44798","656"
"40530","Rockport, TX","Micro","25572","862"
"40540","Rock Springs, WY","Micro","43534","669"
"40580","Rocky Mount, NC","Metro","146738","297"
"40620","Rolla, MO","Micro","44744","658"
"40660","Rome, GA","Metro","97613","401"
"40700","Roseburg, OR","Micro","109405","366"
"40740","Roswell, NM","Micro","64866","506"
"40760","Ruidoso, NM","Micro","19395","914"
"40780","Russellville, AR","Micro","85358","430"
"40820","Ruston, LA","Micro","47744","622"
"40860","Rutland, VT","Micro","59087","538"
"40900","Sacramento-Roseville-Folsom, CA","Metro","2324884","27"
"40940","Safford, AZ","Micro","37466","734"
"40980","Saginaw, MI","Metro","191934","232"
"41060","St. Cloud, MN","Metro","197759","229"
"41100","St. George, UT","Metro","165662","264"
"41140","St. Joseph, MO-KS","Metro","126935","329"
"41180","St. Louis, MO-IL","Metro","2807338","21"
"41220","St. Marys, GA","Micro","53044","582"
"41260","St. Marys, PA","Micro","30197","818"
"41400","Salem, OH","Micro","103077","380"
"41420","Salem, OR","Metro","424982","128"
"41460","Salina, KS","Micro","60597","529"
"41500","Salinas, CA","Metro","437907","125"
"41540","Salisbury, MD-DE","Metro","405853","136"
"41620","Salt Lake City, UT","Metro","1203105","49"
"41660","San Angelo, TX","Metro","120830","345"
"41700","San Antonio-New Braunfels, TX","Metro","2473974","24"
"41740","San Diego-Chula Vista-Carlsbad, CA","Metro","3337685","17"
"41760","Sandpoint, ID","Micro","43560","668"
"41780","Sandusky, OH","Micro","74817","471"
"41820","Sanford, NC","Micro","60430","532"
"41860","San Francisco-Oakland-Berkeley, CA","Metro","4727357","12"
"41900","San Germán, PR","Metro","126097","333"
"41940","San Jose-Sunnyvale-Santa Clara, CA","Metro","1998463","36"
"41980","San Juan-Bayamón-Caguas, PR","Metro","2112005","32"
"42020","San Luis Obispo-Paso Robles, CA","Metro","283405","173"
"42100","Santa Cruz-Watsonville, CA","Metro","275897","176"
"42140","Santa Fe, NM","Metro","148750","291"
"42180","Santa Isabel, PR","Micro","21863","894"
"42200","Santa Maria-Santa Barbara, CA","Metro","448150","121"
"42220","Santa Rosa-Petaluma, CA","Metro","504217","111"
"42300","Sault Ste. Marie, MI","Micro","37711","731"
"42340","Savannah, GA","Metro","387543","141"
"42380","Sayre, PA","Micro","60853","526"
"42420","Scottsbluff, NE","Micro","38308","724"
"42460","Scottsboro, AL","Micro","51909","590"
"42500","Scottsburg, IN","Micro","23870","872"
"42540","Scranton--Wilkes-Barre, PA","Metro","555426","101"
"42620","Searcy, AR","Micro","79016","453"
"42660","Seattle-Tacoma-Bellevue, WA","Metro","3867046","15"
"42680","Sebastian-Vero Beach, FL","Metro","154383","275"
"42700","Sebring-Avon Park, FL","Metro","102883","382"
"42740","Sedalia, MO","Micro","42558","678"
"42780","Selinsgrove, PA","Micro","40801","692"
"42820","Selma, AL","Micro","39215","707"
"42860","Seneca, SC","Micro","77270","460"
"42900","Seneca Falls, NY","Micro","34498","771"
"42940","Sevierville, TN","Micro","97638","400"
"42980","Seymour, IN","Micro","43884","667"
"43020","Shawano, WI","Micro","45550","647"
"43060","Shawnee, OK","Micro","72226","480"
"43100","Sheboygan, WI","Metro","115344","356"
"43140","Shelby, NC","Micro","97334","402"
"43180","Shelbyville, TN","Micro","48117","620"
"43220","Shelton, WA","Micro","63710","516"
"43260","Sheridan, WY","Micro","30210","817"
"43300","Sherman-Denison, TX","Metro","131140","325"
"43320","Show Low, AZ","Micro","108956","367"
"43340","Shreveport-Bossier City, LA","Metro","401555","137"
"43380","Sidney, OH","Micro","48759","614"
"43420","Sierra Vista-Douglas, AZ","Metro","124756","338"
"43460","Sikeston, MO","Micro","38541","719"
"43500","Silver City, NM","Micro","27687","837"
"43580","Sioux City, IA-NE-SD","Metro","143398","302"
"43620","Sioux Falls, SD","Metro","259094","190"
"43660","Snyder, TX","Micro","17050","925"
"43700","Somerset, KY","Micro","64449","508"
"43740","Somerset, PA","Micro","74501","472"
"43760","Sonora, CA","Micro","54248","572"
"43780","South Bend-Mishawaka, IN-MI","Metro","321815","157"
"43900","Spartanburg, SC","Metro","306854","163"
"43940","Spearfish, SD","Micro","25429","863"
"43980","Spencer, IA","Micro","16170","929"
"44020","Spirit Lake, IA","Micro","17199","923"
"44060","Spokane-Spokane Valley, WA","Metro","550882","102"
"44100","Springfield, IL","Metro","208697","219"
"44140","Springfield, MA","Metro","702354","83"
"44180","Springfield, MO","Metro","462369","118"
"44220","Springfield, OH","Metro","134557","317"
"44260","Starkville, MS","Micro","59564","535"
"44300","State College, PA","Metro","162660","267"
"44340","Statesboro, GA","Micro","76149","465"
"44420","Staunton, VA","Metro","121999","343"
"44460","Steamboat Springs, CO","Micro","25220","864"
"44500","Stephenville, TX","Micro","41969","683"
"44540","Sterling, CO","Micro","21896","893"
"44580","Sterling, IL","Micro","56118","558"
"44620","Stevens Point, WI","Micro","70474","486"
"44660","Stillwater, OK","Micro","81575","443"
"44700","Stockton, CA","Metro","745424","77"
"44740","Storm Lake, IA","Micro","20110","909"
"44780","Sturgis, MI","Micro","60947","525"
"44860","Sulphur Springs, TX","Micro","36496","750"
"44900","Summerville, GA","Micro","24770","868"
"44940","Sumter, SC","Metro","140904","307"
"44980","Sunbury, PA","Micro","92029","415"
"45000","Susanville, CA","Micro","31163","810"
"45020","Sweetwater, TX","Micro","14770","931"
"45060","Syracuse, NY","Metro","654841","89"
"45140","Tahlequah, OK","Micro","48888","613"
"45180","Talladega-Sylacauga, AL","Micro","80065","447"
"45220","Tallahassee, FL","Metro","382627","142"
"45300","Tampa-St. Petersburg-Clearwater, FL","Metro","3091399","18"
"45340","Taos, NM","Micro","32795","792"
"45380","Taylorville, IL","Micro","33102","789"
"45460","Terre Haute, IN","Metro","186851","234"
"45500","Texarkana, TX-AR","Metro","150355","286"
"45520","The Dalles, OR","Micro","26437","852"
"45540","The Villages, FL","Metro","125165","335"
"45580","Thomaston, GA","Micro","26135","854"
"45620","Thomasville, GA","Micro","44779","657"
"45660","Tiffin, OH","Micro","55243","562"
"45700","Tifton, GA","Micro","40598","694"
"45740","Toccoa, GA","Micro","25890","857"
"45780","Toledo, OH","Metro","644325","92"
"45820","Topeka, KS","Metro","233149","198"
"45860","Torrington, CT","Micro","182177","237"
"45900","Traverse City, MI","Micro","148671","292"
"45940","Trenton-Princeton, NJ","Metro","374733","145"
"45980","Troy, AL","Micro","33267","785"
"46020","Truckee-Grass Valley, CA","Micro","99814","392"
"46060","Tucson, AZ","Metro","1022769","54"
"46100","Tullahoma-Manchester, TN","Micro","103070","381"
"46140","Tulsa, OK","Metro","990706","55"
"46180","Tupelo, MS","Micro","165342","265"
"46220","Tuscaloosa, AL","Metro","251129","192"
"46300","Twin Falls, ID","Metro","108751","368"
"46340","Tyler, TX","Metro","227727","203"
"46380","Ukiah, CA","Micro","88018","421"
"46420","Union, SC","Micro","27537","840"
"46460","Union City, TN","Micro","30385","816"
"46500","Urbana, OH","Micro","38840","717"
"46520","Urban Honolulu, HI","Metro","988650","57"
"46540","Utica-Rome, NY","Metro","293572","168"
"46620","Uvalde, TX","Micro","27132","843"
"46660","Valdosta, GA","Metro","145437","300"
"46700","Vallejo, CA","Metro","445458","123"
"46780","Van Wert, OH","Micro","28217","834"
"46820","Vermillion, SD","Micro","13990","934"
"46860","Vernal, UT","Micro","35150","764"
"46900","Vernon, TX","Micro","12764","938"
"46980","Vicksburg, MS","Micro","46768","627"
"47020","Victoria, TX","Metro","99646","394"
"47080","Vidalia, GA","Micro","36030","755"
"47180","Vincennes, IN","Micro","37508","733"
"47220","Vineland-Bridgeton, NJ","Metro","152538","279"
"47240","Vineyard Haven, MA","Micro","17325","922"
"47260","Virginia Beach-Norfolk-Newport News, VA-NC","Metro","1761753","38"
"47300","Visalia, CA","Metro","464493","116"
"47340","Wabash, IN","Micro","31443","808"
"47380","Waco, TX","Metro","268696","184"
"47420","Wahpeton, ND-MN","Micro","22675","883"
"47460","Walla Walla, WA","Metro","60567","531"
"47540","Wapakoneta, OH","Micro","45778","643"
"47580","Warner Robins, GA","Metro","180578","240"
"47620","Warren, PA","Micro","39659","700"
"47660","Warrensburg, MO","Micro","53897","575"
"47700","Warsaw, IN","Micro","79206","451"
"47780","Washington, IN","Micro","33113","787"
"47820","Washington, NC","Micro","47088","625"
"47900","Washington-Arlington-Alexandria, DC-VA-MD-WV","Metro","6229866","6"
"47920","Washington Court House, OH","Micro","28752","829"
"47940","Waterloo-Cedar Falls, IA","Metro","169892","256"
"47980","Watertown, SD","Micro","34047","780"
"48020","Watertown-Fort Atkinson, WI","Micro","84832","432"
"48060","Watertown-Fort Drum, NY","Metro","114187","359"
"48100","Wauchula, FL","Micro","27411","842"
"48140","Wausau-Weston, WI","Metro","163570","266"
"48180","Waycross, GA","Micro","55178","563"
"48220","Weatherford, OK","Micro","28800","827"
"48260","Weirton-Steubenville, WV-OH","Metro","118250","351"
"48300","Wenatchee, WA","Metro","118478","349"
"48460","West Plains, MO","Micro","40103","697"
"48500","West Point, MS","Micro","19640","911"
"48540","Wheeling, WV-OH","Metro","141254","304"
"48580","Whitewater, WI","Micro","103082","379"
"48620","Wichita, KS","Metro","638268","93"
"48660","Wichita Falls, TX","Metro","151230","284"
"48700","Williamsport, PA","Metro","113841","360"
"48780","Williston, ND","Micro","33349","783"
"48820","Willmar, MN","Micro","42743","677"
"48900","Wilmington, NC","Metro","288156","171"
"48940","Wilmington, OH","Micro","42009","682"
"48980","Wilson, NC","Micro","81671","441"
"49020","Winchester, VA-WV","Metro","137887","314"
"49060","Winfield, KS","Micro","35361","763"
"49080","Winnemucca, NV","Micro","16826","927"
"49100","Winona, MN","Micro","50873","601"
"49180","Winston-Salem, NC","Metro","667733","87"
"49220","Wisconsin Rapids-Marshfield, WI","Micro","73126","475"
"49260","Woodward, OK","Micro","24425","869"
"49300","Wooster, OH","Micro","116038","355"
"49340","Worcester, MA-CT","Metro","942475","59"
"49380","Worthington, MN","Micro","21944","892"
"49420","Yakima, WA","Metro","250193","194"
"49460","Yankton, SD","Micro","22662","885"
"49500","Yauco, PR","Metro","91056","416"
"49620","York-Hanover, PA","Metro","446078","122"
"49660","Youngstown-Warren-Boardman, OH-PA","Metro","541926","106"
"49700","Yuba City, CA","Metro","173679","250"
"49740","Yuma, AZ","Metro","207534","220"
"49780","Zanesville, OH","Micro","86149","428"
"49820","Zapata, TX","Micro","14322","933"
